RNA_type,Count
circRNA,11245
lncRNA,5428
miRNA,2208
miscRNA,1515
mRNA,19709
pseudogene,10000
rRNA,423
scRNA,4
snoRNA,722
snRNA,1260
tRNA,565
other,1139
circRNA-miRNA,801698
lncRNA-lncRNA,1116
lncRNA-miRNA,71332
lncRNA-miscRNA,2482
lncRNA-mRNA,27886
lncRNA-pseudogene,7405
lncRNA-rRNA,2905
lncRNA-scRNA,3
lncRNA-snoRNA,580
lncRNA-snRNA,1848
lncRNA-tRNA,624
lncRNA-other,564
miRNA-miRNA,4764
miRNA-miscRNA,7875
miRNA-pseudogene,109454
miRNA-rRNA,1855
miRNA-scRNA,9
miRNA-snoRNA,3028
miRNA-snRNA,3127
miRNA-tRNA,149
miRNA-other,15801
miscRNA-miscRNA,46497
miscRNA-pseudogene,3863
miscRNA-rRNA,3697
miscRNA-scRNA,17
miscRNA-snoRNA,781
miscRNA-snRNA,2287
miscRNA-tRNA,1206
miscRNA-other,518
mRNA-miRNA,2669753
mRNA-miscRNA,20962
mRNA-mRNA,573989
mRNA-pseudogene,371293
mRNA-rRNA,53487
mRNA-scRNA,13
mRNA-snoRNA,6950
mRNA-snRNA,23153
mRNA-tRNA,14263
mRNA-other,16224
pseudogene-pseudogene,102571
pseudogene-rRNA,15508
pseudogene-scRNA,1
pseudogene-snoRNA,1715
pseudogene-snRNA,5462
pseudogene-tRNA,3182
rRNA-rRNA,19285
rRNA-scRNA,2
rRNA-snoRNA,1651
rRNA-snRNA,3920
rRNA-tRNA,1246
snoRNA-snoRNA,1168
snoRNA-tRNA,475
snRNA-snoRNA,1786
snRNA-snRNA,28674
snRNA-tRNA,1476
tRNA-tRNA,292
other-pseudogene,5959
other-rRNA,1011
other-snoRNA,333
other-snRNA,446
other-tRNA,190
other-other,485
